2019-09-08T21:05:14.932+02:00[Europe/Belgrade],0.0.0.0/0.0.0.0,User-Agent: Mozilla/5.0 (Windows NT 6.1; Win64; x64; rv:69.0) Gecko/20100101 Firefox/69.0,/
2019-09-08T21:05:14.983+02:00[Europe/Belgrade],0.0.0.0/0.0.0.0,User-Agent: Mozilla/5.0 (Windows NT 6.1; Win64; x64; rv:69.0) Gecko/20100101 Firefox/69.0,/favicon.ico
2019-09-08T21:05:19.153+02:00[Europe/Belgrade],0.0.0.0/0.0.0.0,User-Agent: Mozilla/5.0 (Windows NT 6.1; Win64; x64; rv:69.0) Gecko/20100101 Firefox/69.0,/plik.xml
2019-09-08T21:05:19.200+02:00[Europe/Belgrade],0.0.0.0/0.0.0.0,User-Agent: Mozilla/5.0 (Windows NT 6.1; Win64; x64; rv:69.0) Gecko/20100101 Firefox/69.0,/favicon.ico
2019-09-08T21:05:22.253+02:00[Europe/Belgrade],0.0.0.0/0.0.0.0,User-Agent: Mozilla/5.0 (Windows NT 6.1; Win64; x64; rv:69.0) Gecko/20100101 Firefox/69.0,/Desert.jpg
2019-09-08T21:05:23.247+02:00[Europe/Belgrade],0.0.0.0/0.0.0.0,User-Agent: Mozilla/5.0 (Windows NT 6.1; Win64; x64; rv:69.0) Gecko/20100101 Firefox/69.0,/favicon.ico
2019-09-09T19:00:47.462+02:00[Europe/Belgrade],0.0.0.0/0.0.0.0,User-Agent: Mozilla/5.0 (Windows NT 6.1; Win64; x64; rv:69.0) Gecko/20100101 Firefox/69.0,/
2019-09-09T19:00:47.622+02:00[Europe/Belgrade],0.0.0.0/0.0.0.0,User-Agent: Mozilla/5.0 (Windows NT 6.1; Win64; x64; rv:69.0) Gecko/20100101 Firefox/69.0,/favicon.ico
2019-09-09T19:03:02.418+02:00[Europe/Belgrade],0.0.0.0/0.0.0.0,User-Agent: Mozilla/5.0 (Android 8.0.0; Mobile; rv:68.0) Gecko/68.0 Firefox/68.0,/
2019-09-09T19:03:02.547+02:00[Europe/Belgrade],0.0.0.0/0.0.0.0,User-Agent: Mozilla/5.0 (Android 8.0.0; Mobile; rv:68.1) Gecko/68.1 Firefox/68.1,/favicon.ico
2019-09-09T19:03:13.239+02:00[Europe/Belgrade],0.0.0.0/0.0.0.0,User-Agent: Mozilla/5.0 (Android 8.0.0; Mobile; rv:68.0) Gecko/68.0 Firefox/68.0,/plik.xml
2019-09-09T19:54:33.905+02:00[Europe/Belgrade],0.0.0.0/0.0.0.0,User-Agent: Mozilla/5.0 (Android 8.0.0; Mobile; rv:68.0) Gecko/68.0 Firefox/68.0,/plik.xml
2019-09-09T19:54:34.029+02:00[Europe/Belgrade],0.0.0.0/0.0.0.0,User-Agent: Mozilla/5.0 (Android 8.0.0; Mobile; rv:68.1) Gecko/68.1 Firefox/68.1,/favicon.ico
2019-09-09T19:59:30.222+02:00[Europe/Belgrade],/192.168.1.148:58509,User-Agent: Mozilla/5.0 (Android 8.0.0; Mobile; rv:68.0) Gecko/68.0 Firefox/68.0,/plik.xml
2019-09-09T19:59:33.806+02:00[Europe/Belgrade],/0:0:0:0:0:0:0:1:51370,User-Agent: Mozilla/5.0 (Windows NT 6.1; Win64; x64; rv:69.0) Gecko/20100101 Firefox/69.0,/
2019-09-09T19:59:33.876+02:00[Europe/Belgrade],/0:0:0:0:0:0:0:1:51371,User-Agent: Mozilla/5.0 (Windows NT 6.1; Win64; x64; rv:69.0) Gecko/20100101 Firefox/69.0,/favicon.ico
2019-09-09T19:59:53.460+02:00[Europe/Belgrade],/192.168.1.148:58516,User-Agent: Mozilla/5.0 (Android 8.0.0; Mobile; rv:68.0) Gecko/68.0 Firefox/68.0,/Desert.jpg
2019-09-10T20:34:14.004+02:00[Europe/Belgrade],/0:0:0:0:0:0:0:1:62090,User-Agent: Mozilla/5.0 (Windows NT 6.1; Win64; x64; rv:69.0) Gecko/20100101 Firefox/69.0,/
2019-09-10T20:34:14.118+02:00[Europe/Belgrade],/0:0:0:0:0:0:0:1:62091,User-Agent: Mozilla/5.0 (Windows NT 6.1; Win64; x64; rv:69.0) Gecko/20100101 Firefox/69.0,/favicon.ico
2019-09-10T20:50:37.461+02:00[Europe/Belgrade],/192.168.1.148:60819,User-Agent: Mozilla/5.0 (Android 8.0.0; Mobile; rv:68.0) Gecko/68.0 Firefox/68.0,/plik.xml
2019-09-10T20:50:37.635+02:00[Europe/Belgrade],/192.168.1.148:60820,User-Agent: Mozilla/5.0 (Android 8.0.0; Mobile; rv:68.1) Gecko/68.1 Firefox/68.1,/favicon.ico
2019-09-11T19:50:21.074+02:00[Europe/Belgrade],/127.0.0.1:54452,User-Agent: Mozilla/5.0 (Windows NT 6.1; Win64; x64; rv:69.0) Gecko/20100101 Firefox/69.0,/
2019-09-11T19:51:34.743+02:00[Europe/Belgrade],/127.0.0.1:54474,User-Agent: Mozilla/5.0 (Windows NT 6.1; Win64; x64; rv:69.0) Gecko/20100101 Firefox/69.0,/
2019-09-11T19:52:23.597+02:00[Europe/Belgrade],/127.0.0.1:54481,User-Agent: Mozilla/5.0 (Windows NT 6.1; Win64; x64; rv:69.0) Gecko/20100101 Firefox/69.0,/plik.xml
2019-09-11T19:53:49.566+02:00[Europe/Belgrade],/192.168.1.148:34396,User-Agent: Mozilla/5.0 (Android 8.0.0; Mobile; rv:68.0) Gecko/68.0 Firefox/68.0,/plik.xml
2019-09-11T19:53:49.696+02:00[Europe/Belgrade],/192.168.1.148:34397,User-Agent: Mozilla/5.0 (Android 8.0.0; Mobile; rv:68.1) Gecko/68.1 Firefox/68.1,/favicon.ico
2019-09-11T19:56:25.277+02:00[Europe/Belgrade],/127.0.0.1:54510,User-Agent: Mozilla/5.0 (Windows NT 6.1; Win64; x64; rv:69.0) Gecko/20100101 Firefox/69.0,/plik.xml
2019-09-11T19:56:25.329+02:00[Europe/Belgrade],/127.0.0.1:54511,null,
2019-09-11T19:57:54.801+02:00[Europe/Belgrade],/127.0.0.1:54515,User-Agent: Mozilla/5.0 (Windows NT 6.1; Win64; x64; rv:69.0) Gecko/20100101 Firefox/69.0,/plik.xml
2019-09-11T19:58:51.266+02:00[Europe/Belgrade],/127.0.0.1:54523,User-Agent: Mozilla/5.0 (Windows NT 6.1; Win64; x64; rv:69.0) Gecko/20100101 Firefox/69.0,/plik.xml
2019-09-11T20:09:12.741+02:00[Europe/Belgrade],/127.0.0.1:54640,User-Agent: Mozilla/5.0 (Windows NT 6.1; Win64; x64; rv:69.0) Gecko/20100101 Firefox/69.0,/plik.xml
2019-09-11T20:13:39.554+02:00[Europe/Belgrade],/127.0.0.1:54676,User-Agent: Mozilla/5.0 (Windows NT 6.1; Win64; x64; rv:69.0) Gecko/20100101 Firefox/69.0,/plik.xml
2019-09-11T20:14:04.451+02:00[Europe/Belgrade],/192.168.1.148:34431,User-Agent: Mozilla/5.0 (Android 8.0.0; Mobile; rv:68.0) Gecko/68.0 Firefox/68.0,/
2019-09-11T20:15:53.936+02:00[Europe/Belgrade],/192.168.1.148:34442,User-Agent: Mozilla/5.0 (Android 8.0.0; Mobile; rv:68.0) Gecko/68.0 Firefox/68.0,/
2019-09-11T20:16:10.355+02:00[Europe/Belgrade],/127.0.0.1:54709,User-Agent: Mozilla/5.0 (Windows NT 6.1; Win64; x64; rv:69.0) Gecko/20100101 Firefox/69.0,/plik.xml
2019-09-11T20:31:27.790+02:00[Europe/Belgrade],/192.168.1.145:54881,null,
2019-09-11T20:31:43.959+02:00[Europe/Belgrade],/192.168.1.145:54882,null,
2019-09-11T20:32:05.799+02:00[Europe/Belgrade],/192.168.1.148:34465,User-Agent: Mozilla/5.0 (Android 8.0.0; Mobile; rv:68.0) Gecko/68.0 Firefox/68.0,/
2019-09-11T20:32:07.673+02:00[Europe/Belgrade],/192.168.1.148:34471,User-Agent: Mozilla/5.0 (Android 8.0.0; Mobile; rv:68.0) Gecko/68.0 Firefox/68.0,/
2019-09-11T20:32:07.943+02:00[Europe/Belgrade],/192.168.1.148:34472,User-Agent: Mozilla/5.0 (Android 8.0.0; Mobile; rv:68.0) Gecko/68.0 Firefox/68.0,/
2019-09-11T20:32:08.359+02:00[Europe/Belgrade],/192.168.1.148:34473,User-Agent: Mozilla/5.0 (Android 8.0.0; Mobile; rv:68.0) Gecko/68.0 Firefox/68.0,/
2019-09-11T20:32:08.781+02:00[Europe/Belgrade],/192.168.1.148:34474,User-Agent: Mozilla/5.0 (Android 8.0.0; Mobile; rv:68.0) Gecko/68.0 Firefox/68.0,/
2019-09-11T20:32:09.174+02:00[Europe/Belgrade],/192.168.1.148:34475,User-Agent: Mozilla/5.0 (Android 8.0.0; Mobile; rv:68.0) Gecko/68.0 Firefox/68.0,/
2019-09-11T20:32:09.588+02:00[Europe/Belgrade],/192.168.1.148:34476,User-Agent: Mozilla/5.0 (Android 8.0.0; Mobile; rv:68.0) Gecko/68.0 Firefox/68.0,/
2019-09-11T20:32:10.021+02:00[Europe/Belgrade],/192.168.1.148:34477,User-Agent: Mozilla/5.0 (Android 8.0.0; Mobile; rv:68.0) Gecko/68.0 Firefox/68.0,/
2019-09-11T20:32:10.416+02:00[Europe/Belgrade],/192.168.1.148:34478,User-Agent: Mozilla/5.0 (Android 8.0.0; Mobile; rv:68.0) Gecko/68.0 Firefox/68.0,/
2019-09-11T20:32:10.827+02:00[Europe/Belgrade],/192.168.1.148:34479,User-Agent: Mozilla/5.0 (Android 8.0.0; Mobile; rv:68.0) Gecko/68.0 Firefox/68.0,/
2019-09-11T20:32:11.214+02:00[Europe/Belgrade],/192.168.1.148:34480,User-Agent: Mozilla/5.0 (Android 8.0.0; Mobile; rv:68.0) Gecko/68.0 Firefox/68.0,/
2019-09-11T20:32:11.521+02:00[Europe/Belgrade],/192.168.1.148:34481,User-Agent: Mozilla/5.0 (Android 8.0.0; Mobile; rv:68.0) Gecko/68.0 Firefox/68.0,/
2019-09-11T20:32:11.856+02:00[Europe/Belgrade],/192.168.1.148:34482,User-Agent: Mozilla/5.0 (Android 8.0.0; Mobile; rv:68.0) Gecko/68.0 Firefox/68.0,/
2019-09-11T20:32:12.294+02:00[Europe/Belgrade],/192.168.1.148:34483,User-Agent: Mozilla/5.0 (Android 8.0.0; Mobile; rv:68.0) Gecko/68.0 Firefox/68.0,/
2019-09-11T20:32:22.355+02:00[Europe/Belgrade],/192.168.1.148:34485,User-Agent: Mozilla/5.0 (Android 8.0.0; Mobile; rv:68.0) Gecko/68.0 Firefox/68.0,/
2019-09-11T20:32:23.014+02:00[Europe/Belgrade],/192.168.1.148:34486,User-Agent: Mozilla/5.0 (Android 8.0.0; Mobile; rv:68.0) Gecko/68.0 Firefox/68.0,/
2019-09-11T20:32:23.746+02:00[Europe/Belgrade],/192.168.1.148:34487,User-Agent: Mozilla/5.0 (Android 8.0.0; Mobile; rv:68.0) Gecko/68.0 Firefox/68.0,/
2019-09-11T20:32:24.349+02:00[Europe/Belgrade],/192.168.1.148:34489,User-Agent: Mozilla/5.0 (Android 8.0.0; Mobile; rv:68.0) Gecko/68.0 Firefox/68.0,/
2019-09-11T20:32:24.926+02:00[Europe/Belgrade],/192.168.1.148:34490,User-Agent: Mozilla/5.0 (Android 8.0.0; Mobile; rv:68.0) Gecko/68.0 Firefox/68.0,/
2019-09-11T20:32:25.532+02:00[Europe/Belgrade],/192.168.1.148:34492,User-Agent: Mozilla/5.0 (Android 8.0.0; Mobile; rv:68.0) Gecko/68.0 Firefox/68.0,/
2019-09-11T20:32:26.113+02:00[Europe/Belgrade],/192.168.1.148:34494,User-Agent: Mozilla/5.0 (Android 8.0.0; Mobile; rv:68.0) Gecko/68.0 Firefox/68.0,/
2019-09-11T20:32:26.761+02:00[Europe/Belgrade],/192.168.1.148:34496,User-Agent: Mozilla/5.0 (Android 8.0.0; Mobile; rv:68.0) Gecko/68.0 Firefox/68.0,/
2019-09-11T20:32:27.359+02:00[Europe/Belgrade],/192.168.1.148:34497,User-Agent: Mozilla/5.0 (Android 8.0.0; Mobile; rv:68.0) Gecko/68.0 Firefox/68.0,/
2019-09-11T20:32:27.906+02:00[Europe/Belgrade],/192.168.1.148:34498,User-Agent: Mozilla/5.0 (Android 8.0.0; Mobile; rv:68.0) Gecko/68.0 Firefox/68.0,/
2019-09-11T20:32:28.376+02:00[Europe/Belgrade],/192.168.1.148:34499,User-Agent: Mozilla/5.0 (Android 8.0.0; Mobile; rv:68.0) Gecko/68.0 Firefox/68.0,/
2019-09-11T20:32:28.876+02:00[Europe/Belgrade],/192.168.1.148:34500,User-Agent: Mozilla/5.0 (Android 8.0.0; Mobile; rv:68.0) Gecko/68.0 Firefox/68.0,/
2019-09-11T20:32:29.385+02:00[Europe/Belgrade],/192.168.1.148:34501,User-Agent: Mozilla/5.0 (Android 8.0.0; Mobile; rv:68.0) Gecko/68.0 Firefox/68.0,/
2019-09-11T20:32:29.973+02:00[Europe/Belgrade],/192.168.1.148:34503,User-Agent: Mozilla/5.0 (Android 8.0.0; Mobile; rv:68.0) Gecko/68.0 Firefox/68.0,/
2019-09-11T20:32:30.522+02:00[Europe/Belgrade],/192.168.1.148:34504,User-Agent: Mozilla/5.0 (Android 8.0.0; Mobile; rv:68.0) Gecko/68.0 Firefox/68.0,/
2019-09-11T20:32:31.052+02:00[Europe/Belgrade],/192.168.1.148:34505,User-Agent: Mozilla/5.0 (Android 8.0.0; Mobile; rv:68.0) Gecko/68.0 Firefox/68.0,/
2019-09-11T20:32:31.620+02:00[Europe/Belgrade],/192.168.1.148:34506,User-Agent: Mozilla/5.0 (Android 8.0.0; Mobile; rv:68.0) Gecko/68.0 Firefox/68.0,/
2019-09-11T20:32:32.121+02:00[Europe/Belgrade],/192.168.1.148:34508,User-Agent: Mozilla/5.0 (Android 8.0.0; Mobile; rv:68.0) Gecko/68.0 Firefox/68.0,/
2019-09-11T20:32:32.689+02:00[Europe/Belgrade],/192.168.1.148:34510,User-Agent: Mozilla/5.0 (Android 8.0.0; Mobile; rv:68.0) Gecko/68.0 Firefox/68.0,/
2019-09-11T20:32:33.180+02:00[Europe/Belgrade],/192.168.1.148:34511,User-Agent: Mozilla/5.0 (Android 8.0.0; Mobile; rv:68.0) Gecko/68.0 Firefox/68.0,/
2019-09-11T20:32:33.695+02:00[Europe/Belgrade],/192.168.1.148:34512,User-Agent: Mozilla/5.0 (Android 8.0.0; Mobile; rv:68.0) Gecko/68.0 Firefox/68.0,/
2019-09-11T20:32:34.223+02:00[Europe/Belgrade],/192.168.1.148:34514,User-Agent: Mozilla/5.0 (Android 8.0.0; Mobile; rv:68.0) Gecko/68.0 Firefox/68.0,/
2019-09-11T20:32:34.728+02:00[Europe/Belgrade],/192.168.1.148:34515,User-Agent: Mozilla/5.0 (Android 8.0.0; Mobile; rv:68.0) Gecko/68.0 Firefox/68.0,/
2019-09-11T20:32:42.917+02:00[Europe/Belgrade],/192.168.1.148:34577,User-Agent: Mozilla/5.0 (Android 8.0.0; Mobile; rv:68.0) Gecko/68.0 Firefox/68.0,/
2019-09-11T20:32:43.742+02:00[Europe/Belgrade],/192.168.1.148:34579,User-Agent: Mozilla/5.0 (Android 8.0.0; Mobile; rv:68.0) Gecko/68.0 Firefox/68.0,/
2019-09-11T20:32:44.651+02:00[Europe/Belgrade],/192.168.1.148:34581,User-Agent: Mozilla/5.0 (Android 8.0.0; Mobile; rv:68.0) Gecko/68.0 Firefox/68.0,/
2019-09-11T20:32:45.478+02:00[Europe/Belgrade],/192.168.1.148:34582,User-Agent: Mozilla/5.0 (Android 8.0.0; Mobile; rv:68.0) Gecko/68.0 Firefox/68.0,/
2019-09-11T20:32:46.341+02:00[Europe/Belgrade],/192.168.1.148:34583,User-Agent: Mozilla/5.0 (Android 8.0.0; Mobile; rv:68.0) Gecko/68.0 Firefox/68.0,/
2019-09-11T20:32:47.125+02:00[Europe/Belgrade],/192.168.1.148:34584,User-Agent: Mozilla/5.0 (Android 8.0.0; Mobile; rv:68.0) Gecko/68.0 Firefox/68.0,/
2019-09-11T20:32:47.906+02:00[Europe/Belgrade],/192.168.1.148:34585,User-Agent: Mozilla/5.0 (Android 8.0.0; Mobile; rv:68.0) Gecko/68.0 Firefox/68.0,/
2019-09-11T20:32:48.728+02:00[Europe/Belgrade],/192.168.1.148:34586,User-Agent: Mozilla/5.0 (Android 8.0.0; Mobile; rv:68.0) Gecko/68.0 Firefox/68.0,/
2019-09-11T20:32:49.495+02:00[Europe/Belgrade],/192.168.1.148:34590,User-Agent: Mozilla/5.0 (Android 8.0.0; Mobile; rv:68.0) Gecko/68.0 Firefox/68.0,/
2019-09-11T20:32:50.223+02:00[Europe/Belgrade],/192.168.1.148:34593,User-Agent: Mozilla/5.0 (Android 8.0.0; Mobile; rv:68.0) Gecko/68.0 Firefox/68.0,/
2019-09-11T20:32:50.958+02:00[Europe/Belgrade],/192.168.1.148:34594,User-Agent: Mozilla/5.0 (Android 8.0.0; Mobile; rv:68.0) Gecko/68.0 Firefox/68.0,/
2019-09-11T20:32:51.662+02:00[Europe/Belgrade],/192.168.1.148:34596,User-Agent: Mozilla/5.0 (Android 8.0.0; Mobile; rv:68.0) Gecko/68.0 Firefox/68.0,/
2019-09-11T20:32:52.366+02:00[Europe/Belgrade],/192.168.1.148:34597,User-Agent: Mozilla/5.0 (Android 8.0.0; Mobile; rv:68.0) Gecko/68.0 Firefox/68.0,/
2019-09-11T20:32:53.150+02:00[Europe/Belgrade],/192.168.1.148:34599,User-Agent: Mozilla/5.0 (Android 8.0.0; Mobile; rv:68.0) Gecko/68.0 Firefox/68.0,/
2019-09-11T20:32:53.895+02:00[Europe/Belgrade],/192.168.1.148:34600,User-Agent: Mozilla/5.0 (Android 8.0.0; Mobile; rv:68.0) Gecko/68.0 Firefox/68.0,/
2019-09-11T20:32:54.572+02:00[Europe/Belgrade],/192.168.1.148:34601,User-Agent: Mozilla/5.0 (Android 8.0.0; Mobile; rv:68.0) Gecko/68.0 Firefox/68.0,/
2019-09-11T20:32:55.282+02:00[Europe/Belgrade],/192.168.1.148:34602,User-Agent: Mozilla/5.0 (Android 8.0.0; Mobile; rv:68.0) Gecko/68.0 Firefox/68.0,/
2019-09-11T20:32:56.021+02:00[Europe/Belgrade],/192.168.1.148:34603,User-Agent: Mozilla/5.0 (Android 8.0.0; Mobile; rv:68.0) Gecko/68.0 Firefox/68.0,/
2019-09-11T20:32:56.595+02:00[Europe/Belgrade],/192.168.1.148:34605,User-Agent: Mozilla/5.0 (Android 8.0.0; Mobile; rv:68.0) Gecko/68.0 Firefox/68.0,/
2019-09-11T21:06:00.244+02:00[Europe/Belgrade],/192.168.1.148:34656,User-Agent: Mozilla/5.0 (Android 8.0.0; Mobile; rv:68.0) Gecko/68.0 Firefox/68.0,/
2019-09-11T21:06:06.901+02:00[Europe/Belgrade],/192.168.1.148:34653,null,
2019-09-11T21:06:10.534+02:00[Europe/Belgrade],/192.168.1.148:34658,User-Agent: Mozilla/5.0 (Android 8.0.0; Mobile; rv:68.0) Gecko/68.0 Firefox/68.0,/
2019-09-11T21:06:16.087+02:00[Europe/Belgrade],/192.168.1.148:34659,User-Agent: Mozilla/5.0 (Android 8.0.0; Mobile; rv:68.0) Gecko/68.0 Firefox/68.0,/
2019-09-11T21:06:19.946+02:00[Europe/Belgrade],/192.168.1.148:34661,User-Agent: Mozilla/5.0 (Android 8.0.0; Mobile; rv:68.0) Gecko/68.0 Firefox/68.0,/
2019-09-11T21:06:27.575+02:00[Europe/Belgrade],/192.168.1.148:34667,User-Agent: Mozilla/5.0 (Android 8.0.0; Mobile; rv:68.0) Gecko/68.0 Firefox/68.0,/plik.xml
2019-09-11T21:06:37.054+02:00[Europe/Belgrade],/192.168.1.148:34672,User-Agent: Mozilla/5.0 (Android 8.0.0; Mobile; rv:68.0) Gecko/68.0 Firefox/68.0,/plik.xml
2019-09-11T21:06:41.499+02:00[Europe/Belgrade],/192.168.1.148:34673,User-Agent: Mozilla/5.0 (Android 8.0.0; Mobile; rv:68.0) Gecko/68.0 Firefox/68.0,/plik.xml
2019-09-12T19:39:20.410+02:00[Europe/Belgrade],/0:0:0:0:0:0:0:1:49908,User-Agent: Mozilla/5.0 (Windows NT 6.1; Win64; x64; rv:69.0) Gecko/20100101 Firefox/69.0,/
2019-09-12T22:26:27.713+02:00[Europe/Belgrade],/0:0:0:0:0:0:0:1:52005,User-Agent: Mozilla/5.0 (Windows NT 6.1; Win64; x64; rv:69.0) Gecko/20100101 Firefox/69.0,/
2019-09-12T22:26:27.832+02:00[Europe/Belgrade],/0:0:0:0:0:0:0:1:52006,User-Agent: Mozilla/5.0 (Windows NT 6.1; Win64; x64; rv:69.0) Gecko/20100101 Firefox/69.0,/favicon.ico
2019-09-12T22:26:33.445+02:00[Europe/Belgrade],/0:0:0:0:0:0:0:1:52007,User-Agent: Mozilla/5.0 (Windows NT 6.1; Win64; x64; rv:69.0) Gecko/20100101 Firefox/69.0,/plik.xml
2019-09-12T22:31:50.655+02:00[Europe/Belgrade],/0:0:0:0:0:0:0:1:52079,User-Agent: Mozilla/5.0 (Windows NT 6.1; Win64; x64; rv:69.0) Gecko/20100101 Firefox/69.0,/2019-09-12T23:32:26.860+02:00[Europe/Belgrade],/0:0:0:0:0:0:0:1:52951,User-Agent: Mozilla/5.0 (Windows NT 6.1; Win64; x64; rv:69.0) Gecko/20100101 Firefox/69.0,/
2019-09-12T23:32:26.987+02:00[Europe/Belgrade],/0:0:0:0:0:0:0:1:52952,User-Agent: Mozilla/5.0 (Windows NT 6.1; Win64; x64; rv:69.0) Gecko/20100101 Firefox/69.0,/Desert2.jpg
2019-09-12T23:32:26.991+02:00[Europe/Belgrade],/0:0:0:0:0:0:0:1:52953,User-Agent: Mozilla/5.0 (Windows NT 6.1; Win64; x64; rv:69.0) Gecko/20100101 Firefox/69.0,/Desert3.jpg
2019-09-12T23:32:26.997+02:00[Europe/Belgrade],/0:0:0:0:0:0:0:1:52955,User-Agent: Mozilla/5.0 (Windows NT 6.1; Win64; x64; rv:69.0) Gecko/20100101 Firefox/69.0,/Desert.jpg
2019-09-12T23:32:26.997+02:00[Europe/Belgrade],/0:0:0:0:0:0:0:1:52954,User-Agent: Mozilla/5.0 (Windows NT 6.1; Win64; x64; rv:69.0) Gecko/20100101 Firefox/69.0,/Desert4.jpg
2019-09-12T23:32:26.999+02:00[Europe/Belgrade],/0:0:0:0:0:0:0:1:52956,User-Agent: Mozilla/5.0 (Windows NT 6.1; Win64; x64; rv:69.0) Gecko/20100101 Firefox/69.0,/Desert5.jpg
2019-09-12T23:32:27+02:00[Europe/Belgrade],/0:0:0:0:0:0:0:1:52958,User-Agent: Mozilla/5.0 (Windows NT 6.1; Win64; x64; rv:69.0) Gecko/20100101 Firefox/69.0,/Desert43.jpg
2019-09-12T23:32:27.008+02:00[Europe/Belgrade],/0:0:0:0:0:0:0:1:52957,User-Agent: Mozilla/5.0 (Windows NT 6.1; Win64; x64; rv:69.0) Gecko/20100101 Firefox/69.0,/Desert6.jpg
2019-09-12T23:32:27.013+02:00[Europe/Belgrade],/0:0:0:0:0:0:0:1:52960,User-Agent: Mozilla/5.0 (Windows NT 6.1; Win64; x64; rv:69.0) Gecko/20100101 Firefox/69.0,/Desert56.jpg
2019-09-12T23:32:27.033+02:00[Europe/Belgrade],/0:0:0:0:0:0:0:1:52961,User-Agent: Mozilla/5.0 (Windows NT 6.1; Win64; x64; rv:69.0) Gecko/20100101 Firefox/69.0,/Desert64.jpg
2019-09-12T23:32:27.036+02:00[Europe/Belgrade],/0:0:0:0:0:0:0:1:52965,User-Agent: Mozilla/5.0 (Windows NT 6.1; Win64; x64; rv:69.0) Gecko/20100101 Firefox/69.0,/Desert44.jpg
2019-09-12T23:32:27.037+02:00[Europe/Belgrade],/0:0:0:0:0:0:0:1:52964,User-Agent: Mozilla/5.0 (Windows NT 6.1; Win64; x64; rv:69.0) Gecko/20100101 Firefox/69.0,/Desert39.jpg
2019-09-12T23:32:27.058+02:00[Europe/Belgrade],/0:0:0:0:0:0:0:1:52959,User-Agent: Mozilla/5.0 (Windows NT 6.1; Win64; x64; rv:69.0) Gecko/20100101 Firefox/69.0,/Desert42.jpg
2019-09-12T23:32:27.064+02:00[Europe/Belgrade],/0:0:0:0:0:0:0:1:52963,User-Agent: Mozilla/5.0 (Windows NT 6.1; Win64; x64; rv:69.0) Gecko/20100101 Firefox/69.0,/Desert25.jpg
2019-09-12T23:32:27.065+02:00[Europe/Belgrade],/0:0:0:0:0:0:0:1:52968,User-Agent: Mozilla/5.0 (Windows NT 6.1; Win64; x64; rv:69.0) Gecko/20100101 Firefox/69.0,/Desert22.jpg
2019-09-12T23:32:27.067+02:00[Europe/Belgrade],/0:0:0:0:0:0:0:1:52967,User-Agent: Mozilla/5.0 (Windows NT 6.1; Win64; x64; rv:69.0) Gecko/20100101 Firefox/69.0,/Desert26.jpg
2019-09-12T23:32:27.069+02:00[Europe/Belgrade],/0:0:0:0:0:0:0:1:52971,User-Agent: Mozilla/5.0 (Windows NT 6.1; Win64; x64; rv:69.0) Gecko/20100101 Firefox/69.0,/Deser3t.jpg
2019-09-12T23:32:27.080+02:00[Europe/Belgrade],/0:0:0:0:0:0:0:1:52972,User-Agent: Mozilla/5.0 (Windows NT 6.1; Win64; x64; rv:69.0) Gecko/20100101 Firefox/69.0,/Desert33332.jpg
2019-09-12T23:32:27.081+02:00[Europe/Belgrade],/0:0:0:0:0:0:0:1:52962,User-Agent: Mozilla/5.0 (Windows NT 6.1; Win64; x64; rv:69.0) Gecko/20100101 Firefox/69.0,/Desert7.jpg
2019-09-12T23:32:27.082+02:00[Europe/Belgrade],/0:0:0:0:0:0:0:1:52966,User-Agent: Mozilla/5.0 (Windows NT 6.1; Win64; x64; rv:69.0) Gecko/20100101 Firefox/69.0,/Desert54.jpg
2019-09-12T23:32:27.083+02:00[Europe/Belgrade],/0:0:0:0:0:0:0:1:52970,User-Agent: Mozilla/5.0 (Windows NT 6.1; Win64; x64; rv:69.0) Gecko/20100101 Firefox/69.0,/Deser3333t5.jpg
2019-09-12T23:32:27.086+02:00[Europe/Belgrade],/0:0:0:0:0:0:0:1:52976,User-Agent: Mozilla/5.0 (Windows NT 6.1; Win64; x64; rv:69.0) Gecko/20100101 Firefox/69.0,/Desert34.jpg
2019-09-12T23:32:27.090+02:00[Europe/Belgrade],/0:0:0:0:0:0:0:1:52975,User-Agent: Mozilla/5.0 (Windows NT 6.1; Win64; x64; rv:69.0) Gecko/20100101 Firefox/69.0,/Dese6.jpg
2019-09-12T23:32:27.098+02:00[Europe/Belgrade],/0:0:0:0:0:0:0:1:52969,User-Agent: Mozilla/5.0 (Windows NT 6.1; Win64; x64; rv:69.0) Gecko/20100101 Firefox/69.0,/Deser3t4.jpg
2019-09-12T23:32:27.101+02:00[Europe/Belgrade],/0:0:0:0:0:0:0:1:52973,User-Agent: Mozilla/5.0 (Windows NT 6.1; Win64; x64; rv:69.0) Gecko/20100101 Firefox/69.0,/Desert334.jpg
2019-09-12T23:32:27.102+02:00[Europe/Belgrade],/0:0:0:0:0:0:0:1:52977,User-Agent: Mozilla/5.0 (Windows NT 6.1; Win64; x64; rv:69.0) Gecko/20100101 Firefox/69.0,/Dese4rt6.jpg
2019-09-12T23:32:27.114+02:00[Europe/Belgrade],/0:0:0:0:0:0:0:1:52980,User-Agent: Mozilla/5.0 (Windows NT 6.1; Win64; x64; rv:69.0) Gecko/20100101 Firefox/69.0,/Dessdert44.jpg
2019-09-12T23:32:27.115+02:00[Europe/Belgrade],/0:0:0:0:0:0:0:1:52979,User-Agent: Mozilla/5.0 (Windows NT 6.1; Win64; x64; rv:69.0) Gecko/20100101 Firefox/69.0,/Desedfrdt34.jpg
2019-09-12T23:32:27.118+02:00[Europe/Belgrade],/0:0:0:0:0:0:0:1:52983,User-Agent: Mozilla/5.0 (Windows NT 6.1; Win64; x64; rv:69.0) Gecko/20100101 Firefox/69.0,/Dedser56t4.jpg
2019-09-12T23:32:27.122+02:00[Europe/Belgrade],/0:0:0:0:0:0:0:1:52984,User-Agent: Mozilla/5.0 (Windows NT 6.1; Win64; x64; rv:69.0) Gecko/20100101 Firefox/69.0,/Desefrt42.jpg
2019-09-12T23:32:27.129+02:00[Europe/Belgrade],/0:0:0:0:0:0:0:1:52974,User-Agent: Mozilla/5.0 (Windows NT 6.1; Win64; x64; rv:69.0) Gecko/20100101 Firefox/69.0,/Desert525.jpg
2019-09-12T23:32:27.133+02:00[Europe/Belgrade],/0:0:0:0:0:0:0:1:52986,User-Agent: Mozilla/5.0 (Windows NT 6.1; Win64; x64; rv:69.0) Gecko/20100101 Firefox/69.0,/Deserfdgdt44.jpg
2019-09-12T23:32:27.134+02:00[Europe/Belgrade],/0:0:0:0:0:0:0:1:52982,User-Agent: Mozilla/5.0 (Windows NT 6.1; Win64; x64; rv:69.0) Gecko/20100101 Firefox/69.0,/Desfgdfge4rt6.jpg
2019-09-12T23:32:27.135+02:00[Europe/Belgrade],/0:0:0:0:0:0:0:1:52978,User-Agent: Mozilla/5.0 (Windows NT 6.1; Win64; x64; rv:69.0) Gecko/20100101 Firefox/69.0,/Dessert4.jpg
2019-09-12T23:32:27.140+02:00[Europe/Belgrade],/0:0:0:0:0:0:0:1:52987,User-Agent: Mozilla/5.0 (Windows NT 6.1; Win64; x64; rv:69.0) Gecko/20100101 Firefox/69.0,/Destyte4rt6.jpg
2019-09-12T23:32:27.146+02:00[Europe/Belgrade],/0:0:0:0:0:0:0:1:52981,User-Agent: Mozilla/5.0 (Windows NT 6.1; Win64; x64; rv:69.0) Gecko/20100101 Firefox/69.0,/Dessdert5.jpg
2019-09-12T23:32:27.147+02:00[Europe/Belgrade],/0:0:0:0:0:0:0:1:52985,User-Agent: Mozilla/5.0 (Windows NT 6.1; Win64; x64; rv:69.0) Gecko/20100101 Firefox/69.0,/Dgedfser5ytt34.jpg
2019-09-12T23:32:47.951+02:00[Europe/Belgrade],/192.168.1.148:37408,User-Agent: Mozilla/5.0 (Android 8.0.0; Mobile; rv:68.1) Gecko/68.1 Firefox/68.1,/favicon.ico
2019-09-13T16:20:10.132+02:00[Europe/Belgrade],/0:0:0:0:0:0:0:1,User-Agent: Mozilla/5.0 (Windows NT 6.1; Win64; x64; rv:69.0) Gecko/20100101 Firefox/69.0,/
2019-09-13T16:20:10.303+02:00[Europe/Belgrade],/0:0:0:0:0:0:0:1,User-Agent: Mozilla/5.0 (Windows NT 6.1; Win64; x64; rv:69.0) Gecko/20100101 Firefox/69.0,/Desert2.jpg
2019-09-13T16:20:10.306+02:00[Europe/Belgrade],/0:0:0:0:0:0:0:1,User-Agent: Mozilla/5.0 (Windows NT 6.1; Win64; x64; rv:69.0) Gecko/20100101 Firefox/69.0,/Desert.jpg
2019-09-13T16:20:10.307+02:00[Europe/Belgrade],/0:0:0:0:0:0:0:1,User-Agent: Mozilla/5.0 (Windows NT 6.1; Win64; x64; rv:69.0) Gecko/20100101 Firefox/69.0,/Desert56.jpg
2019-09-13T16:20:10.309+02:00[Europe/Belgrade],/0:0:0:0:0:0:0:1,User-Agent: Mozilla/5.0 (Windows NT 6.1; Win64; x64; rv:69.0) Gecko/20100101 Firefox/69.0,/Desert64.jpg
2019-09-13T16:20:10.310+02:00[Europe/Belgrade],/0:0:0:0:0:0:0:1,User-Agent: Mozilla/5.0 (Windows NT 6.1; Win64; x64; rv:69.0) Gecko/20100101 Firefox/69.0,/Desert42.jpg
2019-09-13T16:20:10.312+02:00[Europe/Belgrade],/0:0:0:0:0:0:0:1,User-Agent: Mozilla/5.0 (Windows NT 6.1; Win64; x64; rv:69.0) Gecko/20100101 Firefox/69.0,/Desert43.jpg
2019-09-13T16:20:10.312+02:00[Europe/Belgrade],/0:0:0:0:0:0:0:1,User-Agent: Mozilla/5.0 (Windows NT 6.1; Win64; x64; rv:69.0) Gecko/20100101 Firefox/69.0,/Desert7.jpg
2019-09-13T16:20:10.313+02:00[Europe/Belgrade],/0:0:0:0:0:0:0:1,User-Agent: Mozilla/5.0 (Windows NT 6.1; Win64; x64; rv:69.0) Gecko/20100101 Firefox/69.0,/Desert44.jpg
2019-09-13T16:20:10.315+02:00[Europe/Belgrade],/0:0:0:0:0:0:0:1,User-Agent: Mozilla/5.0 (Windows NT 6.1; Win64; x64; rv:69.0) Gecko/20100101 Firefox/69.0,/Desert54.jpg
2019-09-13T16:20:10.315+02:00[Europe/Belgrade],/0:0:0:0:0:0:0:1,User-Agent: Mozilla/5.0 (Windows NT 6.1; Win64; x64; rv:69.0) Gecko/20100101 Firefox/69.0,/Desert25.jpg
2019-09-13T16:20:10.318+02:00[Europe/Belgrade],/0:0:0:0:0:0:0:1,User-Agent: Mozilla/5.0 (Windows NT 6.1; Win64; x64; rv:69.0) Gecko/20100101 Firefox/69.0,/Desert22.jpg
2019-09-13T16:20:10.317+02:00[Europe/Belgrade],/0:0:0:0:0:0:0:1,User-Agent: Mozilla/5.0 (Windows NT 6.1; Win64; x64; rv:69.0) Gecko/20100101 Firefox/69.0,/Desert39.jpg
2019-09-13T16:20:10.319+02:00[Europe/Belgrade],/0:0:0:0:0:0:0:1,User-Agent: Mozilla/5.0 (Windows NT 6.1; Win64; x64; rv:69.0) Gecko/20100101 Firefox/69.0,/Deser3t4.jpg
2019-09-13T16:20:10.317+02:00[Europe/Belgrade],/0:0:0:0:0:0:0:1,User-Agent: Mozilla/5.0 (Windows NT 6.1; Win64; x64; rv:69.0) Gecko/20100101 Firefox/69.0,/Desert26.jpg
2019-09-13T16:20:10.336+02:00[Europe/Belgrade],/0:0:0:0:0:0:0:1,User-Agent: Mozilla/5.0 (Windows NT 6.1; Win64; x64; rv:69.0) Gecko/20100101 Firefox/69.0,/Deser3333t5.jpg
2019-09-13T16:20:10.337+02:00[Europe/Belgrade],/0:0:0:0:0:0:0:1,User-Agent: Mozilla/5.0 (Windows NT 6.1; Win64; x64; rv:69.0) Gecko/20100101 Firefox/69.0,/Desert33332.jpg
2019-09-13T16:20:10.341+02:00[Europe/Belgrade],/0:0:0:0:0:0:0:1,User-Agent: Mozilla/5.0 (Windows NT 6.1; Win64; x64; rv:69.0) Gecko/20100101 Firefox/69.0,/Desert34.jpg
2019-09-13T16:20:10.344+02:00[Europe/Belgrade],/0:0:0:0:0:0:0:1,User-Agent: Mozilla/5.0 (Windows NT 6.1; Win64; x64; rv:69.0) Gecko/20100101 Firefox/69.0,/Desert525.jpg
2019-09-13T16:20:10.347+02:00[Europe/Belgrade],/0:0:0:0:0:0:0:1,User-Agent: Mozilla/5.0 (Windows NT 6.1; Win64; x64; rv:69.0) Gecko/20100101 Firefox/69.0,/Deser3t.jpg
2019-09-13T16:20:10.348+02:00[Europe/Belgrade],/0:0:0:0:0:0:0:1,User-Agent: Mozilla/5.0 (Windows NT 6.1; Win64; x64; rv:69.0) Gecko/20100101 Firefox/69.0,/Desert334.jpg
2019-09-13T16:20:10.352+02:00[Europe/Belgrade],/0:0:0:0:0:0:0:1,User-Agent: Mozilla/5.0 (Windows NT 6.1; Win64; x64; rv:69.0) Gecko/20100101 Firefox/69.0,/Dese6.jpg
2019-09-13T16:20:10.374+02:00[Europe/Belgrade],/0:0:0:0:0:0:0:1,User-Agent: Mozilla/5.0 (Windows NT 6.1; Win64; x64; rv:69.0) Gecko/20100101 Firefox/69.0,/Dese4rt6.jpg
2019-09-13T16:20:10.411+02:00[Europe/Belgrade],/0:0:0:0:0:0:0:1,User-Agent: Mozilla/5.0 (Windows NT 6.1; Win64; x64; rv:69.0) Gecko/20100101 Firefox/69.0,/Dessdert5.jpg
2019-09-13T16:20:10.509+02:00[Europe/Belgrade],/0:0:0:0:0:0:0:1,User-Agent: Mozilla/5.0 (Windows NT 6.1; Win64; x64; rv:69.0) Gecko/20100101 Firefox/69.0,/Dessdert44.jpg
2019-09-13T16:20:10.513+02:00[Europe/Belgrade],/0:0:0:0:0:0:0:1,User-Agent: Mozilla/5.0 (Windows NT 6.1; Win64; x64; rv:69.0) Gecko/20100101 Firefox/69.0,/Desefrt42.jpg
2019-09-13T16:20:10.516+02:00[Europe/Belgrade],/0:0:0:0:0:0:0:1,User-Agent: Mozilla/5.0 (Windows NT 6.1; Win64; x64; rv:69.0) Gecko/20100101 Firefox/69.0,/Desfgdfge4rt6.jpg
2019-09-13T16:20:10.519+02:00[Europe/Belgrade],/0:0:0:0:0:0:0:1,User-Agent: Mozilla/5.0 (Windows NT 6.1; Win64; x64; rv:69.0) Gecko/20100101 Firefox/69.0,/Dedser56t4.jpg
2019-09-13T16:20:10.524+02:00[Europe/Belgrade],/0:0:0:0:0:0:0:1,User-Agent: Mozilla/5.0 (Windows NT 6.1; Win64; x64; rv:69.0) Gecko/20100101 Firefox/69.0,/Desedfrdt34.jpg
2019-09-13T16:20:10.527+02:00[Europe/Belgrade],/0:0:0:0:0:0:0:1,User-Agent: Mozilla/5.0 (Windows NT 6.1; Win64; x64; rv:69.0) Gecko/20100101 Firefox/69.0,/Desert3.jpg
2019-09-13T16:20:10.530+02:00[Europe/Belgrade],/0:0:0:0:0:0:0:1,User-Agent: Mozilla/5.0 (Windows NT 6.1; Win64; x64; rv:69.0) Gecko/20100101 Firefox/69.0,/Destyte4rt6.jpg
2019-09-13T16:20:10.542+02:00[Europe/Belgrade],/0:0:0:0:0:0:0:1,User-Agent: Mozilla/5.0 (Windows NT 6.1; Win64; x64; rv:69.0) Gecko/20100101 Firefox/69.0,/Dgedfser5ytt34.jpg
2019-09-13T16:20:10.543+02:00[Europe/Belgrade],/0:0:0:0:0:0:0:1,User-Agent: Mozilla/5.0 (Windows NT 6.1; Win64; x64; rv:69.0) Gecko/20100101 Firefox/69.0,/Desert4.jpg
2019-09-13T16:20:10.557+02:00[Europe/Belgrade],/0:0:0:0:0:0:0:1,User-Agent: Mozilla/5.0 (Windows NT 6.1; Win64; x64; rv:69.0) Gecko/20100101 Firefox/69.0,/Desert6.jpg
2019-09-13T16:20:10.560+02:00[Europe/Belgrade],/0:0:0:0:0:0:0:1,User-Agent: Mozilla/5.0 (Windows NT 6.1; Win64; x64; rv:69.0) Gecko/20100101 Firefox/69.0,/Dessert4.jpg
2019-09-13T16:20:10.564+02:00[Europe/Belgrade],/0:0:0:0:0:0:0:1,User-Agent: Mozilla/5.0 (Windows NT 6.1; Win64; x64; rv:69.0) Gecko/20100101 Firefox/69.0,/Deserfdgdt44.jpg
2019-09-13T16:20:10.565+02:00[Europe/Belgrade],/0:0:0:0:0:0:0:1,User-Agent: Mozilla/5.0 (Windows NT 6.1; Win64; x64; rv:69.0) Gecko/20100101 Firefox/69.0,/Desert5.jpg
2019-09-13T16:20:10.625+02:00[Europe/Belgrade],/0:0:0:0:0:0:0:1,User-Agent: Mozilla/5.0 (Windows NT 6.1; Win64; x64; rv:69.0) Gecko/20100101 Firefox/69.0,/favicon.ico
2019-09-13T17:19:09.329+02:00[Europe/Belgrade],/0:0:0:0:0:0:0:1,User-Agent: Mozilla/5.0 (Windows NT 6.1; Win64; x64; rv:69.0) Gecko/20100101 Firefox/69.0,/test.html
2019-09-13T17:19:33.692+02:00[Europe/Belgrade],/0:0:0:0:0:0:0:1,User-Agent: Mozilla/5.0 (Windows NT 6.1; Win64; x64; rv:69.0) Gecko/20100101 Firefox/69.0,/dfsdjfdkf
2019-09-13T17:24:14.871+02:00[Europe/Belgrade],/0:0:0:0:0:0:0:1,User-Agent: Mozilla/5.0 (Windows NT 6.1; Win64; x64; rv:69.0) Gecko/20100101 Firefox/69.0,/dfsdjfdkfdfdfdfdfd
2019-09-13T17:24:51.830+02:00[Europe/Belgrade],/0:0:0:0:0:0:0:1,User-Agent: Mozilla/5.0 (Windows NT 6.1; Win64; x64; rv:69.0) Gecko/20100101 Firefox/69.0,/dfsdjfdkfdfdfdfdfd
2019-09-13T17:25:22.125+02:00[Europe/Belgrade],/0:0:0:0:0:0:0:1,User-Agent: Mozilla/5.0 (Windows NT 6.1; Win64; x64; rv:69.0) Gecko/20100101 Firefox/69.0,/dfsdjfdkfdfdfdfdfd
2019-09-13T22:43:36.521+02:00[Europe/Belgrade],/0:0:0:0:0:0:0:1,User-Agent: Mozilla/5.0 (Windows NT 6.1; Win64; x64; rv:69.0) Gecko/20100101 Firefox/69.0,/dfsdjfdkfdfdfdfdfd
2019-09-13T22:43:36.606+02:00[Europe/Belgrade],/0:0:0:0:0:0:0:1,User-Agent: Mozilla/5.0 (Windows NT 6.1; Win64; x64; rv:69.0) Gecko/20100101 Firefox/69.0,/favicon.ico
2019-09-13T22:56:54.535+02:00[Europe/Belgrade],/0:0:0:0:0:0:0:1,User-Agent: Mozilla/5.0 (Windows NT 6.1; Win64; x64; rv:69.0) Gecko/20100101 Firefox/69.0,/dfsdjfdkfdfdfdfdfd
2019-09-13T22:57:05.432+02:00[Europe/Belgrade],/0:0:0:0:0:0:0:1,User-Agent: Mozilla/5.0 (Windows NT 6.1; Win64; x64; rv:69.0) Gecko/20100101 Firefox/69.0,/dfsdjfdkfdfdfdfdfd
2019-09-13T22:57:09.190+02:00[Europe/Belgrade],/0:0:0:0:0:0:0:1,User-Agent: Mozilla/5.0 (Windows NT 6.1; Win64; x64; rv:69.0) Gecko/20100101 Firefox/69.0,/plik.xml
2019-09-13T22:57:23.273+02:00[Europe/Belgrade],/0:0:0:0:0:0:0:1,User-Agent: Mozilla/5.0 (Windows NT 6.1; Win64; x64; rv:69.0) Gecko/20100101 Firefox/69.0,/d
2019-09-13T22:58:31.169+02:00[Europe/Belgrade],/0:0:0:0:0:0:0:1,User-Agent: Mozilla/5.0 (Windows NT 6.1; Win64; x64; rv:69.0) Gecko/20100101 Firefox/69.0,/d
2019-09-13T23:00:09.847+02:00[Europe/Belgrade],/0:0:0:0:0:0:0:1,User-Agent: Mozilla/5.0 (Windows NT 6.1; Win64; x64; rv:69.0) Gecko/20100101 Firefox/69.0,/d
2019-09-13T23:00:49.778+02:00[Europe/Belgrade],/0:0:0:0:0:0:0:1,User-Agent: Mozilla/5.0 (Windows NT 6.1; Win64; x64; rv:69.0) Gecko/20100101 Firefox/69.0,/d
2019-09-13T23:08:12.853+02:00[Europe/Belgrade],/0:0:0:0:0:0:0:1,User-Agent: Mozilla/5.0 (Windows NT 6.1; Win64; x64; rv:69.0) Gecko/20100101 Firefox/69.0,/d
2019-09-13T23:09:24.095+02:00[Europe/Belgrade],/0:0:0:0:0:0:0:1,User-Agent: Mozilla/5.0 (Windows NT 6.1; Win64; x64; rv:69.0) Gecko/20100101 Firefox/69.0,/d
2019-09-13T23:13:59.449+02:00[Europe/Belgrade],/0:0:0:0:0:0:0:1,User-Agent: Mozilla/5.0 (Windows NT 6.1; Win64; x64; rv:69.0) Gecko/20100101 Firefox/69.0,/d
2019-09-13T23:14:06.044+02:00[Europe/Belgrade],/0:0:0:0:0:0:0:1,User-Agent: Mozilla/5.0 (Windows NT 6.1; Win64; x64; rv:69.0) Gecko/20100101 Firefox/69.0,/
2019-09-13T23:14:06.160+02:00[Europe/Belgrade],/0:0:0:0:0:0:0:1,User-Agent: Mozilla/5.0 (Windows NT 6.1; Win64; x64; rv:69.0) Gecko/20100101 Firefox/69.0,/Desert2.jpg
2019-09-13T23:14:06.165+02:00[Europe/Belgrade],/0:0:0:0:0:0:0:1,User-Agent: Mozilla/5.0 (Windows NT 6.1; Win64; x64; rv:69.0) Gecko/20100101 Firefox/69.0,/Desert.jpg
2019-09-13T23:14:06.167+02:00[Europe/Belgrade],/0:0:0:0:0:0:0:1,User-Agent: Mozilla/5.0 (Windows NT 6.1; Win64; x64; rv:69.0) Gecko/20100101 Firefox/69.0,/Desert5.jpg
2019-09-13T23:14:06.168+02:00[Europe/Belgrade],/0:0:0:0:0:0:0:1,User-Agent: Mozilla/5.0 (Windows NT 6.1; Win64; x64; rv:69.0) Gecko/20100101 Firefox/69.0,/Desert4.jpg
2019-09-13T23:14:06.170+02:00[Europe/Belgrade],/0:0:0:0:0:0:0:1,User-Agent: Mozilla/5.0 (Windows NT 6.1; Win64; x64; rv:69.0) Gecko/20100101 Firefox/69.0,/Desert42.jpg
2019-09-13T23:14:06.172+02:00[Europe/Belgrade],/0:0:0:0:0:0:0:1,User-Agent: Mozilla/5.0 (Windows NT 6.1; Win64; x64; rv:69.0) Gecko/20100101 Firefox/69.0,/Desert3.jpg
2019-09-13T23:14:06.173+02:00[Europe/Belgrade],/0:0:0:0:0:0:0:1,User-Agent: Mozilla/5.0 (Windows NT 6.1; Win64; x64; rv:69.0) Gecko/20100101 Firefox/69.0,/Desert6.jpg
2019-09-13T23:14:06.173+02:00[Europe/Belgrade],/0:0:0:0:0:0:0:1,User-Agent: Mozilla/5.0 (Windows NT 6.1; Win64; x64; rv:69.0) Gecko/20100101 Firefox/69.0,/Desert56.jpg
2019-09-13T23:14:06.174+02:00[Europe/Belgrade],/0:0:0:0:0:0:0:1,User-Agent: Mozilla/5.0 (Windows NT 6.1; Win64; x64; rv:69.0) Gecko/20100101 Firefox/69.0,/Desert43.jpg
2019-09-13T23:14:06.182+02:00[Europe/Belgrade],/0:0:0:0:0:0:0:1,User-Agent: Mozilla/5.0 (Windows NT 6.1; Win64; x64; rv:69.0) Gecko/20100101 Firefox/69.0,/Desert25.jpg
2019-09-13T23:14:06.183+02:00[Europe/Belgrade],/0:0:0:0:0:0:0:1,User-Agent: Mozilla/5.0 (Windows NT 6.1; Win64; x64; rv:69.0) Gecko/20100101 Firefox/69.0,/Desert39.jpg
2019-09-13T23:14:06.183+02:00[Europe/Belgrade],/0:0:0:0:0:0:0:1,User-Agent: Mozilla/5.0 (Windows NT 6.1; Win64; x64; rv:69.0) Gecko/20100101 Firefox/69.0,/Desert7.jpg
2019-09-13T23:14:06.186+02:00[Europe/Belgrade],/0:0:0:0:0:0:0:1,User-Agent: Mozilla/5.0 (Windows NT 6.1; Win64; x64; rv:69.0) Gecko/20100101 Firefox/69.0,/Desert64.jpg
2019-09-13T23:14:06.189+02:00[Europe/Belgrade],/0:0:0:0:0:0:0:1,User-Agent: Mozilla/5.0 (Windows NT 6.1; Win64; x64; rv:69.0) Gecko/20100101 Firefox/69.0,/Desert44.jpg
2019-09-13T23:14:06.190+02:00[Europe/Belgrade],/0:0:0:0:0:0:0:1,User-Agent: Mozilla/5.0 (Windows NT 6.1; Win64; x64; rv:69.0) Gecko/20100101 Firefox/69.0,/Desert54.jpg
2019-09-13T23:14:06.191+02:00[Europe/Belgrade],/0:0:0:0:0:0:0:1,User-Agent: Mozilla/5.0 (Windows NT 6.1; Win64; x64; rv:69.0) Gecko/20100101 Firefox/69.0,/Desert22.jpg
2019-09-13T23:14:06.193+02:00[Europe/Belgrade],/0:0:0:0:0:0:0:1,User-Agent: Mozilla/5.0 (Windows NT 6.1; Win64; x64; rv:69.0) Gecko/20100101 Firefox/69.0,/Deser3333t5.jpg
2019-09-13T23:14:06.194+02:00[Europe/Belgrade],/0:0:0:0:0:0:0:1,User-Agent: Mozilla/5.0 (Windows NT 6.1; Win64; x64; rv:69.0) Gecko/20100101 Firefox/69.0,/Deser3t4.jpg
2019-09-13T23:14:06.194+02:00[Europe/Belgrade],/0:0:0:0:0:0:0:1,User-Agent: Mozilla/5.0 (Windows NT 6.1; Win64; x64; rv:69.0) Gecko/20100101 Firefox/69.0,/Desert33332.jpg
2019-09-13T23:14:06.196+02:00[Europe/Belgrade],/0:0:0:0:0:0:0:1,User-Agent: Mozilla/5.0 (Windows NT 6.1; Win64; x64; rv:69.0) Gecko/20100101 Firefox/69.0,/Deser3t.jpg
2019-09-13T23:14:06.195+02:00[Europe/Belgrade],/0:0:0:0:0:0:0:1,User-Agent: Mozilla/5.0 (Windows NT 6.1; Win64; x64; rv:69.0) Gecko/20100101 Firefox/69.0,/Desert26.jpg
2019-09-13T23:14:06.202+02:00[Europe/Belgrade],/0:0:0:0:0:0:0:1,User-Agent: Mozilla/5.0 (Windows NT 6.1; Win64; x64; rv:69.0) Gecko/20100101 Firefox/69.0,/Desert334.jpg
2019-09-13T23:14:06.203+02:00[Europe/Belgrade],/0:0:0:0:0:0:0:1,User-Agent: Mozilla/5.0 (Windows NT 6.1; Win64; x64; rv:69.0) Gecko/20100101 Firefox/69.0,/Dese6.jpg
2019-09-13T23:14:06.207+02:00[Europe/Belgrade],/0:0:0:0:0:0:0:1,User-Agent: Mozilla/5.0 (Windows NT 6.1; Win64; x64; rv:69.0) Gecko/20100101 Firefox/69.0,/Desert34.jpg
2019-09-13T23:14:06.214+02:00[Europe/Belgrade],/0:0:0:0:0:0:0:1,User-Agent: Mozilla/5.0 (Windows NT 6.1; Win64; x64; rv:69.0) Gecko/20100101 Firefox/69.0,/Dese4rt6.jpg
2019-09-13T23:14:06.215+02:00[Europe/Belgrade],/0:0:0:0:0:0:0:1,User-Agent: Mozilla/5.0 (Windows NT 6.1; Win64; x64; rv:69.0) Gecko/20100101 Firefox/69.0,/Desedfrdt34.jpg
2019-09-13T23:14:06.216+02:00[Europe/Belgrade],/0:0:0:0:0:0:0:1,User-Agent: Mozilla/5.0 (Windows NT 6.1; Win64; x64; rv:69.0) Gecko/20100101 Firefox/69.0,/Dessdert44.jpg
2019-09-13T23:14:06.217+02:00[Europe/Belgrade],/0:0:0:0:0:0:0:1,User-Agent: Mozilla/5.0 (Windows NT 6.1; Win64; x64; rv:69.0) Gecko/20100101 Firefox/69.0,/Dessdert5.jpg
2019-09-13T23:14:06.219+02:00[Europe/Belgrade],/0:0:0:0:0:0:0:1,User-Agent: Mozilla/5.0 (Windows NT 6.1; Win64; x64; rv:69.0) Gecko/20100101 Firefox/69.0,/Dedser56t4.jpg
2019-09-13T23:14:06.221+02:00[Europe/Belgrade],/0:0:0:0:0:0:0:1,User-Agent: Mozilla/5.0 (Windows NT 6.1; Win64; x64; rv:69.0) Gecko/20100101 Firefox/69.0,/Desefrt42.jpg
2019-09-13T23:14:06.226+02:00[Europe/Belgrade],/0:0:0:0:0:0:0:1,User-Agent: Mozilla/5.0 (Windows NT 6.1; Win64; x64; rv:69.0) Gecko/20100101 Firefox/69.0,/Dgedfser5ytt34.jpg
2019-09-13T23:14:06.246+02:00[Europe/Belgrade],/0:0:0:0:0:0:0:1,User-Agent: Mozilla/5.0 (Windows NT 6.1; Win64; x64; rv:69.0) Gecko/20100101 Firefox/69.0,/Destyte4rt6.jpg
2019-09-13T23:14:06.260+02:00[Europe/Belgrade],/0:0:0:0:0:0:0:1,User-Agent: Mozilla/5.0 (Windows NT 6.1; Win64; x64; rv:69.0) Gecko/20100101 Firefox/69.0,/Desert525.jpg
2019-09-13T23:14:06.263+02:00[Europe/Belgrade],/0:0:0:0:0:0:0:1,User-Agent: Mozilla/5.0 (Windows NT 6.1; Win64; x64; rv:69.0) Gecko/20100101 Firefox/69.0,/Dessert4.jpg
2019-09-13T23:14:06.264+02:00[Europe/Belgrade],/0:0:0:0:0:0:0:1,User-Agent: Mozilla/5.0 (Windows NT 6.1; Win64; x64; rv:69.0) Gecko/20100101 Firefox/69.0,/Desfgdfge4rt6.jpg
2019-09-13T23:14:06.265+02:00[Europe/Belgrade],/0:0:0:0:0:0:0:1,User-Agent: Mozilla/5.0 (Windows NT 6.1; Win64; x64; rv:69.0) Gecko/20100101 Firefox/69.0,/Deserfdgdt44.jpg
2019-09-13T23:14:17.670+02:00[Europe/Belgrade],/0:0:0:0:0:0:0:1,User-Agent: Mozilla/5.0 (Windows NT 6.1; Win64; x64; rv:69.0) Gecko/20100101 Firefox/69.0,/Desert.jpg
2019-09-14T01:01:21.599+02:00[Europe/Belgrade],/0:0:0:0:0:0:0:1,User-Agent: Mozilla/5.0 (Windows NT 6.1; Win64; x64; rv:69.0) Gecko/20100101 Firefox/69.0,/Desert.jpg
2019-09-14T01:01:22.676+02:00[Europe/Belgrade],/0:0:0:0:0:0:0:1,User-Agent: Mozilla/5.0 (Windows NT 6.1; Win64; x64; rv:69.0) Gecko/20100101 Firefox/69.0,/favicon.ico
2019-09-14T01:01:24.427+02:00[Europe/Belgrade],/0:0:0:0:0:0:0:1,User-Agent: Mozilla/5.0 (Windows NT 6.1; Win64; x64; rv:69.0) Gecko/20100101 Firefox/69.0,/
2019-09-14T01:01:24.526+02:00[Europe/Belgrade],/0:0:0:0:0:0:0:1,User-Agent: Mozilla/5.0 (Windows NT 6.1; Win64; x64; rv:69.0) Gecko/20100101 Firefox/69.0,/Desert43.jpg
2019-09-14T01:01:24.527+02:00[Europe/Belgrade],/0:0:0:0:0:0:0:1,User-Agent: Mozilla/5.0 (Windows NT 6.1; Win64; x64; rv:69.0) Gecko/20100101 Firefox/69.0,/Desert2.jpg
2019-09-14T01:01:24.529+02:00[Europe/Belgrade],/0:0:0:0:0:0:0:1,User-Agent: Mozilla/5.0 (Windows NT 6.1; Win64; x64; rv:69.0) Gecko/20100101 Firefox/69.0,/Desert6.jpg
2019-09-14T01:01:24.547+02:00[Europe/Belgrade],/0:0:0:0:0:0:0:1,User-Agent: Mozilla/5.0 (Windows NT 6.1; Win64; x64; rv:69.0) Gecko/20100101 Firefox/69.0,/Desert56.jpg
2019-09-14T01:01:24.548+02:00[Europe/Belgrade],/0:0:0:0:0:0:0:1,User-Agent: Mozilla/5.0 (Windows NT 6.1; Win64; x64; rv:69.0) Gecko/20100101 Firefox/69.0,/Desert4.jpg
2019-09-14T01:01:24.549+02:00[Europe/Belgrade],/0:0:0:0:0:0:0:1,User-Agent: Mozilla/5.0 (Windows NT 6.1; Win64; x64; rv:69.0) Gecko/20100101 Firefox/69.0,/Desert42.jpg
2019-09-14T01:01:24.549+02:00[Europe/Belgrade],/0:0:0:0:0:0:0:1,User-Agent: Mozilla/5.0 (Windows NT 6.1; Win64; x64; rv:69.0) Gecko/20100101 Firefox/69.0,/Desert25.jpg
2019-09-14T01:01:24.551+02:00[Europe/Belgrade],/0:0:0:0:0:0:0:1,User-Agent: Mozilla/5.0 (Windows NT 6.1; Win64; x64; rv:69.0) Gecko/20100101 Firefox/69.0,/Desert39.jpg
2019-09-14T01:01:24.553+02:00[Europe/Belgrade],/0:0:0:0:0:0:0:1,User-Agent: Mozilla/5.0 (Windows NT 6.1; Win64; x64; rv:69.0) Gecko/20100101 Firefox/69.0,/Desert64.jpg
2019-09-14T01:01:24.555+02:00[Europe/Belgrade],/0:0:0:0:0:0:0:1,User-Agent: Mozilla/5.0 (Windows NT 6.1; Win64; x64; rv:69.0) Gecko/20100101 Firefox/69.0,/Desert26.jpg
2019-09-14T01:01:24.557+02:00[Europe/Belgrade],/0:0:0:0:0:0:0:1,User-Agent: Mozilla/5.0 (Windows NT 6.1; Win64; x64; rv:69.0) Gecko/20100101 Firefox/69.0,/Desert5.jpg
2019-09-14T01:01:24.559+02:00[Europe/Belgrade],/0:0:0:0:0:0:0:1,User-Agent: Mozilla/5.0 (Windows NT 6.1; Win64; x64; rv:69.0) Gecko/20100101 Firefox/69.0,/Desert3.jpg
2019-09-14T01:01:24.561+02:00[Europe/Belgrade],/0:0:0:0:0:0:0:1,User-Agent: Mozilla/5.0 (Windows NT 6.1; Win64; x64; rv:69.0) Gecko/20100101 Firefox/69.0,/Desert54.jpg
2019-09-14T01:01:24.566+02:00[Europe/Belgrade],/0:0:0:0:0:0:0:1,User-Agent: Mozilla/5.0 (Windows NT 6.1; Win64; x64; rv:69.0) Gecko/20100101 Firefox/69.0,/Desert22.jpg
2019-09-14T01:01:24.568+02:00[Europe/Belgrade],/0:0:0:0:0:0:0:1,User-Agent: Mozilla/5.0 (Windows NT 6.1; Win64; x64; rv:69.0) Gecko/20100101 Firefox/69.0,/Desert7.jpg
2019-09-14T01:01:24.571+02:00[Europe/Belgrade],/0:0:0:0:0:0:0:1,User-Agent: Mozilla/5.0 (Windows NT 6.1; Win64; x64; rv:69.0) Gecko/20100101 Firefox/69.0,/Desert44.jpg
2019-09-14T01:01:24.571+02:00[Europe/Belgrade],/0:0:0:0:0:0:0:1,User-Agent: Mozilla/5.0 (Windows NT 6.1; Win64; x64; rv:69.0) Gecko/20100101 Firefox/69.0,/Desert33332.jpg
2019-09-14T01:01:24.573+02:00[Europe/Belgrade],/0:0:0:0:0:0:0:1,User-Agent: Mozilla/5.0 (Windows NT 6.1; Win64; x64; rv:69.0) Gecko/20100101 Firefox/69.0,/Deser3t4.jpg
2019-09-14T01:01:24.577+02:00[Europe/Belgrade],/0:0:0:0:0:0:0:1,User-Agent: Mozilla/5.0 (Windows NT 6.1; Win64; x64; rv:69.0) Gecko/20100101 Firefox/69.0,/Desert334.jpg
2019-09-14T01:01:24.580+02:00[Europe/Belgrade],/0:0:0:0:0:0:0:1,User-Agent: Mozilla/5.0 (Windows NT 6.1; Win64; x64; rv:69.0) Gecko/20100101 Firefox/69.0,/Desert34.jpg
2019-09-14T01:01:24.580+02:00[Europe/Belgrade],/0:0:0:0:0:0:0:1,User-Agent: Mozilla/5.0 (Windows NT 6.1; Win64; x64; rv:69.0) Gecko/20100101 Firefox/69.0,/Deser3t.jpg
2019-09-14T01:01:24.581+02:00[Europe/Belgrade],/0:0:0:0:0:0:0:1,User-Agent: Mozilla/5.0 (Windows NT 6.1; Win64; x64; rv:69.0) Gecko/20100101 Firefox/69.0,/Dese4rt6.jpg
2019-09-14T01:01:24.588+02:00[Europe/Belgrade],/0:0:0:0:0:0:0:1,User-Agent: Mozilla/5.0 (Windows NT 6.1; Win64; x64; rv:69.0) Gecko/20100101 Firefox/69.0,/Deser3333t5.jpg
2019-09-14T01:01:24.588+02:00[Europe/Belgrade],/0:0:0:0:0:0:0:1,User-Agent: Mozilla/5.0 (Windows NT 6.1; Win64; x64; rv:69.0) Gecko/20100101 Firefox/69.0,/Dessdert44.jpg
2019-09-14T01:01:24.591+02:00[Europe/Belgrade],/0:0:0:0:0:0:0:1,User-Agent: Mozilla/5.0 (Windows NT 6.1; Win64; x64; rv:69.0) Gecko/20100101 Firefox/69.0,/Dessdert5.jpg
2019-09-14T01:01:24.594+02:00[Europe/Belgrade],/0:0:0:0:0:0:0:1,User-Agent: Mozilla/5.0 (Windows NT 6.1; Win64; x64; rv:69.0) Gecko/20100101 Firefox/69.0,/Dese6.jpg
2019-09-14T01:01:24.596+02:00[Europe/Belgrade],/0:0:0:0:0:0:0:1,User-Agent: Mozilla/5.0 (Windows NT 6.1; Win64; x64; rv:69.0) Gecko/20100101 Firefox/69.0,/Desert525.jpg
2019-09-14T01:01:24.597+02:00[Europe/Belgrade],/0:0:0:0:0:0:0:1,User-Agent: Mozilla/5.0 (Windows NT 6.1; Win64; x64; rv:69.0) Gecko/20100101 Firefox/69.0,/Desefrt42.jpg
2019-09-14T01:01:24.599+02:00[Europe/Belgrade],/0:0:0:0:0:0:0:1,User-Agent: Mozilla/5.0 (Windows NT 6.1; Win64; x64; rv:69.0) Gecko/20100101 Firefox/69.0,/Dessert4.jpg
2019-09-14T01:01:24.602+02:00[Europe/Belgrade],/0:0:0:0:0:0:0:1,User-Agent: Mozilla/5.0 (Windows NT 6.1; Win64; x64; rv:69.0) Gecko/20100101 Firefox/69.0,/Desfgdfge4rt6.jpg
2019-09-14T01:01:24.604+02:00[Europe/Belgrade],/0:0:0:0:0:0:0:1,User-Agent: Mozilla/5.0 (Windows NT 6.1; Win64; x64; rv:69.0) Gecko/20100101 Firefox/69.0,/Dgedfser5ytt34.jpg
2019-09-14T01:01:24.606+02:00[Europe/Belgrade],/0:0:0:0:0:0:0:1,User-Agent: Mozilla/5.0 (Windows NT 6.1; Win64; x64; rv:69.0) Gecko/20100101 Firefox/69.0,/Dedser56t4.jpg
2019-09-14T01:01:24.608+02:00[Europe/Belgrade],/0:0:0:0:0:0:0:1,User-Agent: Mozilla/5.0 (Windows NT 6.1; Win64; x64; rv:69.0) Gecko/20100101 Firefox/69.0,/Deserfdgdt44.jpg
2019-09-14T01:01:24.606+02:00[Europe/Belgrade],/0:0:0:0:0:0:0:1,User-Agent: Mozilla/5.0 (Windows NT 6.1; Win64; x64; rv:69.0) Gecko/20100101 Firefox/69.0,/Desedfrdt34.jpg
2019-09-14T01:01:24.611+02:00[Europe/Belgrade],/0:0:0:0:0:0:0:1,User-Agent: Mozilla/5.0 (Windows NT 6.1; Win64; x64; rv:69.0) Gecko/20100101 Firefox/69.0,/Desert.jpg
2019-09-14T01:01:24.621+02:00[Europe/Belgrade],/0:0:0:0:0:0:0:1,User-Agent: Mozilla/5.0 (Windows NT 6.1; Win64; x64; rv:69.0) Gecko/20100101 Firefox/69.0,/Destyte4rt6.jpg
2019-09-14T02:41:40.734+02:00[Europe/Belgrade],/0:0:0:0:0:0:0:1,User-Agent: Mozilla/5.0 (Windows NT 6.1; Win64; x64; rv:69.0) Gecko/20100101 Firefox/69.0,/
2019-09-14T02:41:40.892+02:00[Europe/Belgrade],/0:0:0:0:0:0:0:1,User-Agent: Mozilla/5.0 (Windows NT 6.1; Win64; x64; rv:69.0) Gecko/20100101 Firefox/69.0,/Desert3.jpg
2019-09-14T02:41:40.893+02:00[Europe/Belgrade],/0:0:0:0:0:0:0:1,User-Agent: Mozilla/5.0 (Windows NT 6.1; Win64; x64; rv:69.0) Gecko/20100101 Firefox/69.0,/Desert6.jpg
2019-09-14T02:41:40.892+02:00[Europe/Belgrade],/0:0:0:0:0:0:0:1,User-Agent: Mozilla/5.0 (Windows NT 6.1; Win64; x64; rv:69.0) Gecko/20100101 Firefox/69.0,/Desert2.jpg
2019-09-14T02:41:40.895+02:00[Europe/Belgrade],/0:0:0:0:0:0:0:1,User-Agent: Mozilla/5.0 (Windows NT 6.1; Win64; x64; rv:69.0) Gecko/20100101 Firefox/69.0,/Desert5.jpg
2019-09-14T02:41:40.895+02:00[Europe/Belgrade],/0:0:0:0:0:0:0:1,User-Agent: Mozilla/5.0 (Windows NT 6.1; Win64; x64; rv:69.0) Gecko/20100101 Firefox/69.0,/Desert4.jpg
2019-09-14T02:41:40.899+02:00[Europe/Belgrade],/0:0:0:0:0:0:0:1,User-Agent: Mozilla/5.0 (Windows NT 6.1; Win64; x64; rv:69.0) Gecko/20100101 Firefox/69.0,/Desert43.jpg
2019-09-14T02:41:40.914+02:00[Europe/Belgrade],/0:0:0:0:0:0:0:1,User-Agent: Mozilla/5.0 (Windows NT 6.1; Win64; x64; rv:69.0) Gecko/20100101 Firefox/69.0,/Desert42.jpg
2019-09-14T02:41:40.915+02:00[Europe/Belgrade],/0:0:0:0:0:0:0:1,User-Agent: Mozilla/5.0 (Windows NT 6.1; Win64; x64; rv:69.0) Gecko/20100101 Firefox/69.0,/Desert25.jpg
2019-09-14T02:41:40.915+02:00[Europe/Belgrade],/0:0:0:0:0:0:0:1,User-Agent: Mozilla/5.0 (Windows NT 6.1; Win64; x64; rv:69.0) Gecko/20100101 Firefox/69.0,/Desert7.jpg
2019-09-14T02:41:40.916+02:00[Europe/Belgrade],/0:0:0:0:0:0:0:1,User-Agent: Mozilla/5.0 (Windows NT 6.1; Win64; x64; rv:69.0) Gecko/20100101 Firefox/69.0,/Desert64.jpg
2019-09-14T02:41:40.920+02:00[Europe/Belgrade],/0:0:0:0:0:0:0:1,User-Agent: Mozilla/5.0 (Windows NT 6.1; Win64; x64; rv:69.0) Gecko/20100101 Firefox/69.0,/Desert56.jpg
2019-09-14T02:41:40.921+02:00[Europe/Belgrade],/0:0:0:0:0:0:0:1,User-Agent: Mozilla/5.0 (Windows NT 6.1; Win64; x64; rv:69.0) Gecko/20100101 Firefox/69.0,/Desert39.jpg
2019-09-14T02:41:40.928+02:00[Europe/Belgrade],/0:0:0:0:0:0:0:1,User-Agent: Mozilla/5.0 (Windows NT 6.1; Win64; x64; rv:69.0) Gecko/20100101 Firefox/69.0,/Desert44.jpg
2019-09-14T02:41:40.929+02:00[Europe/Belgrade],/0:0:0:0:0:0:0:1,User-Agent: Mozilla/5.0 (Windows NT 6.1; Win64; x64; rv:69.0) Gecko/20100101 Firefox/69.0,/Desert22.jpg
2019-09-14T02:41:40.930+02:00[Europe/Belgrade],/0:0:0:0:0:0:0:1,User-Agent: Mozilla/5.0 (Windows NT 6.1; Win64; x64; rv:69.0) Gecko/20100101 Firefox/69.0,/Desert26.jpg
2019-09-14T02:41:40.930+02:00[Europe/Belgrade],/0:0:0:0:0:0:0:1,User-Agent: Mozilla/5.0 (Windows NT 6.1; Win64; x64; rv:69.0) Gecko/20100101 Firefox/69.0,/Desert54.jpg
2019-09-14T02:41:40.932+02:00[Europe/Belgrade],/0:0:0:0:0:0:0:1,User-Agent: Mozilla/5.0 (Windows NT 6.1; Win64; x64; rv:69.0) Gecko/20100101 Firefox/69.0,/Deser3t4.jpg
2019-09-14T02:41:40.932+02:00[Europe/Belgrade],/0:0:0:0:0:0:0:1,User-Agent: Mozilla/5.0 (Windows NT 6.1; Win64; x64; rv:69.0) Gecko/20100101 Firefox/69.0,/Deser3t.jpg
2019-09-14T02:41:40.933+02:00[Europe/Belgrade],/0:0:0:0:0:0:0:1,User-Agent: Mozilla/5.0 (Windows NT 6.1; Win64; x64; rv:69.0) Gecko/20100101 Firefox/69.0,/Deser3333t5.jpg
2019-09-14T02:41:40.934+02:00[Europe/Belgrade],/0:0:0:0:0:0:0:1,User-Agent: Mozilla/5.0 (Windows NT 6.1; Win64; x64; rv:69.0) Gecko/20100101 Firefox/69.0,/Desert33332.jpg
2019-09-14T02:41:40.936+02:00[Europe/Belgrade],/0:0:0:0:0:0:0:1,User-Agent: Mozilla/5.0 (Windows NT 6.1; Win64; x64; rv:69.0) Gecko/20100101 Firefox/69.0,/Dese6.jpg
2019-09-14T02:41:40.935+02:00[Europe/Belgrade],/0:0:0:0:0:0:0:1,User-Agent: Mozilla/5.0 (Windows NT 6.1; Win64; x64; rv:69.0) Gecko/20100101 Firefox/69.0,/Desert525.jpg
2019-09-14T02:41:40.941+02:00[Europe/Belgrade],/0:0:0:0:0:0:0:1,User-Agent: Mozilla/5.0 (Windows NT 6.1; Win64; x64; rv:69.0) Gecko/20100101 Firefox/69.0,/Desert34.jpg
2019-09-14T02:41:40.944+02:00[Europe/Belgrade],/0:0:0:0:0:0:0:1,User-Agent: Mozilla/5.0 (Windows NT 6.1; Win64; x64; rv:69.0) Gecko/20100101 Firefox/69.0,/Desert334.jpg
2019-09-14T02:41:40.946+02:00[Europe/Belgrade],/0:0:0:0:0:0:0:1,User-Agent: Mozilla/5.0 (Windows NT 6.1; Win64; x64; rv:69.0) Gecko/20100101 Firefox/69.0,/Dessert4.jpg
2019-09-14T02:41:40.947+02:00[Europe/Belgrade],/0:0:0:0:0:0:0:1,User-Agent: Mozilla/5.0 (Windows NT 6.1; Win64; x64; rv:69.0) Gecko/20100101 Firefox/69.0,/Desedfrdt34.jpg
2019-09-14T02:41:40.948+02:00[Europe/Belgrade],/0:0:0:0:0:0:0:1,User-Agent: Mozilla/5.0 (Windows NT 6.1; Win64; x64; rv:69.0) Gecko/20100101 Firefox/69.0,/Desfgdfge4rt6.jpg
2019-09-14T02:41:40.950+02:00[Europe/Belgrade],/0:0:0:0:0:0:0:1,User-Agent: Mozilla/5.0 (Windows NT 6.1; Win64; x64; rv:69.0) Gecko/20100101 Firefox/69.0,/Dese4rt6.jpg
2019-09-14T02:41:40.954+02:00[Europe/Belgrade],/0:0:0:0:0:0:0:1,User-Agent: Mozilla/5.0 (Windows NT 6.1; Win64; x64; rv:69.0) Gecko/20100101 Firefox/69.0,/Dedser56t4.jpg
2019-09-14T02:41:40.958+02:00[Europe/Belgrade],/0:0:0:0:0:0:0:1,User-Agent: Mozilla/5.0 (Windows NT 6.1; Win64; x64; rv:69.0) Gecko/20100101 Firefox/69.0,/Destyte4rt6.jpg
2019-09-14T02:41:40.960+02:00[Europe/Belgrade],/0:0:0:0:0:0:0:1,User-Agent: Mozilla/5.0 (Windows NT 6.1; Win64; x64; rv:69.0) Gecko/20100101 Firefox/69.0,/Dessdert5.jpg
2019-09-14T02:41:40.961+02:00[Europe/Belgrade],/0:0:0:0:0:0:0:1,User-Agent: Mozilla/5.0 (Windows NT 6.1; Win64; x64; rv:69.0) Gecko/20100101 Firefox/69.0,/Dgedfser5ytt34.jpg
2019-09-14T02:41:40.963+02:00[Europe/Belgrade],/0:0:0:0:0:0:0:1,User-Agent: Mozilla/5.0 (Windows NT 6.1; Win64; x64; rv:69.0) Gecko/20100101 Firefox/69.0,/Deserfdgdt44.jpg
2019-09-14T02:41:40.964+02:00[Europe/Belgrade],/0:0:0:0:0:0:0:1,User-Agent: Mozilla/5.0 (Windows NT 6.1; Win64; x64; rv:69.0) Gecko/20100101 Firefox/69.0,/Dessdert44.jpg
2019-09-14T02:41:40.969+02:00[Europe/Belgrade],/0:0:0:0:0:0:0:1,User-Agent: Mozilla/5.0 (Windows NT 6.1; Win64; x64; rv:69.0) Gecko/20100101 Firefox/69.0,/Desefrt42.jpg
2019-09-14T02:41:40.975+02:00[Europe/Belgrade],/0:0:0:0:0:0:0:1,User-Agent: Mozilla/5.0 (Windows NT 6.1; Win64; x64; rv:69.0) Gecko/20100101 Firefox/69.0,/Desert.jpg
2019-09-14T02:41:41.220+02:00[Europe/Belgrade],/0:0:0:0:0:0:0:1,User-Agent: Mozilla/5.0 (Windows NT 6.1; Win64; x64; rv:69.0) Gecko/20100101 Firefox/69.0,/favicon.ico
2019-09-14T03:19:54.255+02:00[Europe/Belgrade],/0:0:0:0:0:0:0:1,User-Agent: Mozilla/5.0 (Windows NT 6.1; Win64; x64; rv:69.0) Gecko/20100101 Firefox/69.0,/
2019-09-14T03:19:54.390+02:00[Europe/Belgrade],/0:0:0:0:0:0:0:1,User-Agent: Mozilla/5.0 (Windows NT 6.1; Win64; x64; rv:69.0) Gecko/20100101 Firefox/69.0,/Desert2.jpg
2019-09-14T03:19:54.391+02:00[Europe/Belgrade],/0:0:0:0:0:0:0:1,User-Agent: Mozilla/5.0 (Windows NT 6.1; Win64; x64; rv:69.0) Gecko/20100101 Firefox/69.0,/Desert4.jpg
2019-09-14T03:19:54.391+02:00[Europe/Belgrade],/0:0:0:0:0:0:0:1,User-Agent: Mozilla/5.0 (Windows NT 6.1; Win64; x64; rv:69.0) Gecko/20100101 Firefox/69.0,/Desert3.jpg
2019-09-14T03:19:54.392+02:00[Europe/Belgrade],/0:0:0:0:0:0:0:1,User-Agent: Mozilla/5.0 (Windows NT 6.1; Win64; x64; rv:69.0) Gecko/20100101 Firefox/69.0,/Desert5.jpg
2019-09-14T03:19:54.394+02:00[Europe/Belgrade],/0:0:0:0:0:0:0:1,User-Agent: Mozilla/5.0 (Windows NT 6.1; Win64; x64; rv:69.0) Gecko/20100101 Firefox/69.0,/Desert334.jpg
2019-09-14T03:19:54.396+02:00[Europe/Belgrade],/0:0:0:0:0:0:0:1,User-Agent: Mozilla/5.0 (Windows NT 6.1; Win64; x64; rv:69.0) Gecko/20100101 Firefox/69.0,/Desert525.jpg
2019-09-14T03:19:54.397+02:00[Europe/Belgrade],/0:0:0:0:0:0:0:1,User-Agent: Mozilla/5.0 (Windows NT 6.1; Win64; x64; rv:69.0) Gecko/20100101 Firefox/69.0,/Dessdert44.jpg
2019-09-14T03:19:54.399+02:00[Europe/Belgrade],/0:0:0:0:0:0:0:1,User-Agent: Mozilla/5.0 (Windows NT 6.1; Win64; x64; rv:69.0) Gecko/20100101 Firefox/69.0,/Desert33332.jpg
2019-09-14T03:19:54.402+02:00[Europe/Belgrade],/0:0:0:0:0:0:0:1,User-Agent: Mozilla/5.0 (Windows NT 6.1; Win64; x64; rv:69.0) Gecko/20100101 Firefox/69.0,/Dese4rt6.jpg
2019-09-14T03:19:54.403+02:00[Europe/Belgrade],/0:0:0:0:0:0:0:1,User-Agent: Mozilla/5.0 (Windows NT 6.1; Win64; x64; rv:69.0) Gecko/20100101 Firefox/69.0,/Dessert4.jpg
2019-09-14T03:19:54.407+02:00[Europe/Belgrade],/0:0:0:0:0:0:0:1,User-Agent: Mozilla/5.0 (Windows NT 6.1; Win64; x64; rv:69.0) Gecko/20100101 Firefox/69.0,/Dese6.jpg
2019-09-14T03:19:54.412+02:00[Europe/Belgrade],/0:0:0:0:0:0:0:1,User-Agent: Mozilla/5.0 (Windows NT 6.1; Win64; x64; rv:69.0) Gecko/20100101 Firefox/69.0,/Desert6.jpg
2019-09-14T03:19:54.415+02:00[Europe/Belgrade],/0:0:0:0:0:0:0:1,User-Agent: Mozilla/5.0 (Windows NT 6.1; Win64; x64; rv:69.0) Gecko/20100101 Firefox/69.0,/Dedser56t4.jpg
2019-09-14T03:19:54.419+02:00[Europe/Belgrade],/0:0:0:0:0:0:0:1,User-Agent: Mozilla/5.0 (Windows NT 6.1; Win64; x64; rv:69.0) Gecko/20100101 Firefox/69.0,/Desert34.jpg
2019-09-14T03:19:54.421+02:00[Europe/Belgrade],/0:0:0:0:0:0:0:1,User-Agent: Mozilla/5.0 (Windows NT 6.1; Win64; x64; rv:69.0) Gecko/20100101 Firefox/69.0,/Dessdert5.jpg
2019-09-14T03:19:54.420+02:00[Europe/Belgrade],/0:0:0:0:0:0:0:1,User-Agent: Mozilla/5.0 (Windows NT 6.1; Win64; x64; rv:69.0) Gecko/20100101 Firefox/69.0,/Desfgdfge4rt6.jpg
2019-09-14T03:19:54.423+02:00[Europe/Belgrade],/0:0:0:0:0:0:0:1,User-Agent: Mozilla/5.0 (Windows NT 6.1; Win64; x64; rv:69.0) Gecko/20100101 Firefox/69.0,/Desedfrdt34.jpg
2019-09-14T03:19:54.424+02:00[Europe/Belgrade],/0:0:0:0:0:0:0:1,User-Agent: Mozilla/5.0 (Windows NT 6.1; Win64; x64; rv:69.0) Gecko/20100101 Firefox/69.0,/Desefrt42.jpg
2019-09-14T03:19:54.427+02:00[Europe/Belgrade],/0:0:0:0:0:0:0:1,User-Agent: Mozilla/5.0 (Windows NT 6.1; Win64; x64; rv:69.0) Gecko/20100101 Firefox/69.0,/Deserfdgdt44.jpg
2019-09-14T03:19:54.427+02:00[Europe/Belgrade],/0:0:0:0:0:0:0:1,User-Agent: Mozilla/5.0 (Windows NT 6.1; Win64; x64; rv:69.0) Gecko/20100101 Firefox/69.0,/Desert43.jpg
2019-09-14T03:19:54.429+02:00[Europe/Belgrade],/0:0:0:0:0:0:0:1,User-Agent: Mozilla/5.0 (Windows NT 6.1; Win64; x64; rv:69.0) Gecko/20100101 Firefox/69.0,/Destyte4rt6.jpg
2019-09-14T03:19:54.429+02:00[Europe/Belgrade],/0:0:0:0:0:0:0:1,User-Agent: Mozilla/5.0 (Windows NT 6.1; Win64; x64; rv:69.0) Gecko/20100101 Firefox/69.0,/Desert56.jpg
2019-09-14T03:19:54.430+02:00[Europe/Belgrade],/0:0:0:0:0:0:0:1,User-Agent: Mozilla/5.0 (Windows NT 6.1; Win64; x64; rv:69.0) Gecko/20100101 Firefox/69.0,/Desert64.jpg
2019-09-14T03:19:54.430+02:00[Europe/Belgrade],/0:0:0:0:0:0:0:1,User-Agent: Mozilla/5.0 (Windows NT 6.1; Win64; x64; rv:69.0) Gecko/20100101 Firefox/69.0,/Desert7.jpg
2019-09-14T03:19:54.433+02:00[Europe/Belgrade],/0:0:0:0:0:0:0:1,User-Agent: Mozilla/5.0 (Windows NT 6.1; Win64; x64; rv:69.0) Gecko/20100101 Firefox/69.0,/Desert44.jpg
2019-09-14T03:19:54.436+02:00[Europe/Belgrade],/0:0:0:0:0:0:0:1,User-Agent: Mozilla/5.0 (Windows NT 6.1; Win64; x64; rv:69.0) Gecko/20100101 Firefox/69.0,/Dgedfser5ytt34.jpg
2019-09-14T03:19:54.440+02:00[Europe/Belgrade],/0:0:0:0:0:0:0:1,User-Agent: Mozilla/5.0 (Windows NT 6.1; Win64; x64; rv:69.0) Gecko/20100101 Firefox/69.0,/Desert42.jpg
2019-09-14T03:19:54.441+02:00[Europe/Belgrade],/0:0:0:0:0:0:0:1,User-Agent: Mozilla/5.0 (Windows NT 6.1; Win64; x64; rv:69.0) Gecko/20100101 Firefox/69.0,/Desert26.jpg
2019-09-14T03:19:54.442+02:00[Europe/Belgrade],/0:0:0:0:0:0:0:1,User-Agent: Mozilla/5.0 (Windows NT 6.1; Win64; x64; rv:69.0) Gecko/20100101 Firefox/69.0,/Desert25.jpg
2019-09-14T03:19:54.444+02:00[Europe/Belgrade],/0:0:0:0:0:0:0:1,User-Agent: Mozilla/5.0 (Windows NT 6.1; Win64; x64; rv:69.0) Gecko/20100101 Firefox/69.0,/Desert54.jpg
2019-09-14T03:19:54.449+02:00[Europe/Belgrade],/0:0:0:0:0:0:0:1,User-Agent: Mozilla/5.0 (Windows NT 6.1; Win64; x64; rv:69.0) Gecko/20100101 Firefox/69.0,/Deser3t4.jpg
2019-09-14T03:19:54.451+02:00[Europe/Belgrade],/0:0:0:0:0:0:0:1,User-Agent: Mozilla/5.0 (Windows NT 6.1; Win64; x64; rv:69.0) Gecko/20100101 Firefox/69.0,/Deser3t.jpg
2019-09-14T03:19:54.452+02:00[Europe/Belgrade],/0:0:0:0:0:0:0:1,User-Agent: Mozilla/5.0 (Windows NT 6.1; Win64; x64; rv:69.0) Gecko/20100101 Firefox/69.0,/Deser3333t5.jpg
2019-09-14T03:19:54.462+02:00[Europe/Belgrade],/0:0:0:0:0:0:0:1,User-Agent: Mozilla/5.0 (Windows NT 6.1; Win64; x64; rv:69.0) Gecko/20100101 Firefox/69.0,/Desert39.jpg
2019-09-14T03:19:54.463+02:00[Europe/Belgrade],/0:0:0:0:0:0:0:1,User-Agent: Mozilla/5.0 (Windows NT 6.1; Win64; x64; rv:69.0) Gecko/20100101 Firefox/69.0,/Desert22.jpg
2019-09-14T03:19:54.465+02:00[Europe/Belgrade],/0:0:0:0:0:0:0:1,User-Agent: Mozilla/5.0 (Windows NT 6.1; Win64; x64; rv:69.0) Gecko/20100101 Firefox/69.0,/Desert.jpg
2019-09-14T03:19:54.603+02:00[Europe/Belgrade],/0:0:0:0:0:0:0:1,null,
